UDI,Product ID,Type,Air temperature [K],Process temperature [K],Rotational speed [rpm],Torque [Nm],Tool wear [min],TWF,HDF,PWF,OSF,RNF,Machine failure
1,M00001,M,298.52,309.82,1377.0,29.56,187,0,0,0,0,0,0
2,M00002,L,301.85,309.14,1866.0,33.82,234,1,0,0,0,0,1
3,M00003,H,300.07,311.59,1494.0,29.65,207,0,0,0,0,0,0
4,M00004,M,299.43,309.53,1685.0,24.36,72,0,0,0,0,0,0
5,M00005,L,299.79,309.39,1490.0,42.19,204,0,0,0,0,0,0
6,M00006,H,300.45,310.21,1494.0,42.35,103,0,0,0,0,0,0
7,M00007,M,301.23,313.39,1395.0,57.01,4,0,0,0,0,0,0
8,M00008,M,298.0,307.32,1521.0,33.32,189,0,0,0,0,0,0
9,M00009,L,297.92,311.54,1557.0,42.96,208,0,0,0,0,0,0
10,M00010,L,302.21,306.21,1359.0,43.13,85,0,0,0,0,0,0
11,M00011,L,299.18,310.43,1477.0,37.46,112,0,0,0,0,0,0
12,M00012,H,297.17,313.15,1390.0,47.44,91,0,0,0,0,0,0
13,M00013,M,300.89,310.98,1914.0,47.75,29,0,0,1,0,0,1
14,M00014,H,300.93,310.34,1484.0,43.27,248,1,0,0,0,0,1
15,M00015,L,296.94,308.88,1778.0,37.44,5,0,0,0,0,0,0
16,M00016,L,300.46,310.06,1465.0,36.42,138,0,0,0,0,0,0
17,M00017,M,301.47,309.5,1547.0,26.32,3,0,0,0,0,0,0
18,M00018,L,300.75,308.43,1262.0,31.94,172,0,0,0,0,0,0
19,M00019,H,301.26,309.42,1420.0,33.78,225,1,0,0,0,0,1
20,M00020,M,297.19,310.4,1538.0,28.76,160,0,0,0,0,0,0
21,M00021,M,300.66,308.47,1785.0,44.4,151,0,0,0,0,0,0
22,M00022,L,299.39,308.39,1540.0,51.97,206,0,0,1,0,0,1
23,M00023,H,299.03,307.28,1749.0,30.92,243,1,0,0,0,0,1
24,M00024,H,301.74,310.78,1615.0,42.83,215,0,0,0,0,0,0
25,M00025,M,302.96,311.09,1793.0,29.66,57,0,0,0,0,0,0
26,M00026,L,303.59,310.46,1489.0,36.95,140,0,0,0,0,0,0
27,M00027,L,302.63,311.93,1930.0,33.1,204,0,0,0,0,0,0
28,M00028,L,299.78,310.18,1413.0,46.02,73,0,0,0,0,0,0
29,M00029,L,300.71,310.78,1362.0,33.21,168,0,0,0,0,0,0
30,M00030,M,301.53,310.61,1282.0,50.12,5,0,0,0,0,0,0
31,M00031,M,300.24,309.82,1920.0,37.54,219,0,0,0,0,0,0
32,M00032,H,300.26,308.94,1648.0,33.5,153,0,0,0,0,0,0
33,M00033,L,301.65,314.43,1440.0,27.47,185,0,0,0,0,0,0
34,M00034,L,299.88,309.1,1725.0,42.53,206,0,0,0,0,0,0
35,M00035,L,298.54,308.67,1624.0,48.95,54,0,0,0,0,0,0
36,M00036,L,299.17,310.87,1854.0,42.73,112,0,0,0,0,0,0
37,M00037,L,301.27,310.5,1221.0,62.39,214,0,0,0,1,0,1
38,M00038,L,300.01,307.19,1452.0,54.3,41,0,0,0,0,0,0
39,M00039,L,300.68,312.25,1417.0,36.92,205,0,0,0,0,0,0
40,M00040,M,301.34,309.81,1145.0,36.82,72,0,0,0,0,0,0
41,M00041,L,299.25,307.78,1691.0,44.7,143,0,0,0,0,0,0
42,M00042,H,301.51,312.38,1451.0,31.62,127,0,0,0,0,0,0
43,M00043,M,300.76,311.25,1633.0,51.66,171,0,0,1,0,0,1
44,M00044,L,297.53,307.47,1925.0,43.62,209,0,0,1,0,0,1
45,M00045,H,302.88,313.55,1436.0,42.56,87,0,0,0,0,0,0
46,M00046,H,299.0,311.32,1424.0,46.87,42,0,0,0,0,0,0
47,M00047,L,296.69,309.98,1521.0,57.23,105,0,0,1,0,0,1
48,M00048,L,297.91,313.18,1678.0,41.71,153,0,0,0,0,0,0
49,M00049,M,297.96,310.32,1398.0,38.87,187,0,0,0,0,0,0
50,M00050,L,300.1,309.94,1386.0,55.09,188,0,0,0,0,0,0
51,M00051,L,299.45,308.68,1690.0,49.68,84,0,0,1,0,0,1
52,M00052,L,299.33,311.16,1568.0,36.79,234,1,0,0,0,0,1
53,M00053,M,301.24,310.95,1132.0,40.05,20,0,0,0,0,0,0
54,M00054,M,300.68,310.03,1279.0,41.95,29,0,0,0,0,0,0
55,M00055,M,300.63,308.42,1770.0,43.62,6,0,0,0,0,0,0
56,M00056,M,300.82,310.26,1572.0,26.43,231,1,0,0,0,0,1
57,M00057,L,301.23,309.86,1363.0,24.58,45,0,0,0,0,0,0
58,M00058,M,295.78,307.33,1469.0,31.13,150,0,0,0,0,0,0
59,M00059,L,299.27,307.06,1502.0,30.35,203,0,0,0,0,0,0
60,M00060,L,295.64,311.13,1632.0,33.56,191,0,0,0,0,0,0
61,M00061,M,300.07,304.8,1256.0,46.35,237,1,0,0,0,0,1
62,M00062,L,299.99,310.41,1349.0,38.31,13,0,0,0,0,0,0
63,M00063,M,302.09,309.04,1549.0,41.96,101,0,0,0,0,0,0
64,M00064,M,302.38,312.62,1482.0,27.76,126,0,0,0,0,0,0
65,M00065,M,300.41,309.01,1603.0,35.38,174,0,0,0,0,0,0
66,M00066,M,299.0,311.32,1279.0,45.87,155,0,0,0,0,0,0
67,M00067,M,300.97,309.21,1564.0,45.95,139,0,0,0,0,0,0
68,M00068,L,298.94,310.23,1696.0,32.75,76,0,0,0,0,0,0
69,M00069,L,300.0,311.47,1588.0,41.62,26,0,0,0,0,0,0
70,M00070,L,301.97,309.07,1525.0,61.99,107,0,0,1,0,0,1
71,M00071,L,298.88,311.99,1483.0,39.82,64,0,0,0,0,0,0
72,M00072,L,301.61,308.01,1350.0,33.07,138,0,0,0,0,0,0
73,M00073,H,301.35,310.59,1487.0,38.26,199,0,0,0,0,0,0
74,M00074,L,298.09,311.85,1727.0,40.92,138,0,0,0,0,0,0
75,M00075,L,301.95,311.32,1479.0,38.49,145,0,0,0,0,0,0
76,M00076,L,301.4,313.83,1340.0,39.69,10,0,0,0,0,0,0
77,M00077,L,300.2,308.47,1411.0,25.57,161,0,0,0,0,0,0
78,M00078,M,298.48,307.24,1536.0,30.37,109,0,0,0,0,0,0
79,M00079,M,298.28,308.01,1433.0,38.51,30,0,0,0,0,0,0
80,M00080,M,298.92,311.32,1587.0,38.35,53,0,0,0,0,0,0
81,M00081,M,301.09,311.0,1594.0,34.34,195,0,0,0,0,0,0
82,M00082,L,298.09,310.2,1660.0,38.23,229,1,0,0,0,0,1
83,M00083,H,300.88,307.75,1756.0,40.61,126,0,0,0,0,0,0
84,M00084,L,297.52,311.53,1679.0,48.89,244,1,0,1,0,0,1
85,M00085,L,299.59,307.55,1332.0,39.01,45,0,0,0,0,0,0
86,M00086,L,300.22,312.32,1337.0,43.99,74,0,0,0,0,0,0
87,M00087,M,304.89,315.71,1486.0,34.58,232,1,1,0,0,0,1
88,M00088,L,297.25,310.73,1419.0,45.72,43,0,0,0,0,0,0
89,M00089,L,302.94,311.17,1295.0,43.76,164,0,0,0,0,0,0
90,M00090,M,300.3,309.01,1420.0,48.66,54,0,0,0,0,0,0
91,M00091,L,300.82,306.38,1415.0,47.13,82,0,0,0,0,0,0
92,M00092,M,300.24,308.79,1379.0,45.89,119,0,0,0,0,0,0
93,M00093,L,300.89,307.81,1443.0,39.02,89,0,0,0,0,0,0
94,M00094,L,299.69,307.11,1712.0,42.45,218,0,0,0,0,0,0
95,M00095,L,302.91,313.44,1536.0,50.64,243,1,0,0,0,0,1
96,M00096,M,299.09,310.55,1945.0,33.48,125,0,0,0,0,0,0
97,M00097,L,302.26,310.76,1531.0,33.72,131,0,0,0,0,0,0
98,M00098,L,298.71,309.38,1448.0,41.81,13,0,0,0,0,0,0
99,M00099,L,299.88,309.65,1501.0,44.15,58,0,0,0,0,0,0
100,M00100,H,297.86,311.93,1546.0,31.76,9,0,0,0,0,0,0
101,M00101,H,300.91,309.94,1578.0,39.25,214,0,0,0,0,0,0
102,M00102,M,302.89,311.06,1874.0,39.06,56,0,0,0,0,0,0
103,M00103,L,299.85,309.61,1348.0,17.85,85,0,0,0,0,0,0
104,M00104,H,299.61,309.32,1655.0,37.8,210,0,0,0,0,0,0
105,M00105,M,297.77,307.19,1537.0,38.43,178,0,0,0,0,0,0
106,M00106,M,299.54,306.04,1217.0,38.4,155,0,0,0,0,0,0
107,M00107,L,296.81,309.48,1639.0,54.16,9,0,0,1,0,0,1
108,M00108,L,298.17,310.11,1728.0,27.84,140,0,0,0,0,0,0
109,M00109,L,300.45,307.43,1346.0,31.75,140,0,0,0,0,0,0
110,M00110,H,302.64,309.93,1498.0,13.88,79,0,0,0,0,0,0
111,M00111,L,305.62,310.11,1189.0,35.19,186,0,0,0,0,0,0
112,M00112,L,298.83,305.69,1273.0,36.04,232,1,0,0,0,0,1
113,M00113,L,302.87,308.17,1689.0,34.9,64,0,0,0,0,0,0
114,M00114,M,300.49,310.81,1416.0,51.08,82,0,0,0,0,0,0
115,M00115,L,299.7,310.77,1300.0,48.61,80,0,0,0,0,0,0
116,M00116,H,300.87,307.69,1541.0,40.78,208,0,0,0,0,0,0
117,M00117,M,300.12,310.32,1406.0,36.29,19,0,0,0,0,0,0
118,M00118,M,300.22,312.04,1415.0,50.26,223,1,0,0,0,0,1
119,M00119,L,299.18,311.55,1633.0,39.8,193,0,0,0,0,0,0
120,M00120,M,297.2,309.81,1291.0,31.82,120,0,0,0,0,0,0
121,M00121,M,296.91,309.06,1337.0,22.84,145,0,0,0,0,0,0
122,M00122,M,301.31,308.74,1528.0,35.59,223,1,0,0,0,0,1
123,M00123,L,299.45,310.94,1674.0,47.55,192,0,0,0,0,0,0
124,M00124,L,298.81,310.39,1723.0,62.77,69,0,0,1,0,0,1
125,M00125,L,300.02,311.26,1380.0,40.62,12,0,0,0,0,0,0
126,M00126,L,301.59,310.26,1669.0,32.35,164,0,0,0,0,0,0
127,M00127,L,300.36,311.64,1359.0,28.15,36,0,0,0,0,0,0
128,M00128,L,298.69,310.19,1829.0,45.52,21,0,0,1,0,0,1
129,M00129,L,302.45,311.57,1296.0,22.35,245,1,0,0,0,0,1
130,M00130,M,303.16,311.74,1739.0,45.5,118,0,0,0,0,0,0
131,M00131,L,300.99,308.39,1382.0,48.18,162,0,0,0,0,0,0
132,M00132,H,301.95,306.38,1862.0,44.36,54,0,0,1,0,0,1
133,M00133,M,302.48,313.09,1606.0,37.8,25,0,0,0,0,0,0
134,M00134,L,302.26,310.51,1317.0,45.65,15,0,0,0,0,0,0
135,M00135,M,301.23,306.57,1406.0,41.71,88,0,0,0,0,0,0
136,M00136,L,301.2,308.57,1641.0,32.22,0,0,0,0,0,0,0
137,M00137,H,301.04,311.54,1689.0,58.5,105,0,0,1,0,0,1
138,M00138,L,297.81,309.44,1487.0,36.48,81,0,0,0,0,0,0
139,M00139,M,301.4,308.98,1508.0,47.76,131,0,0,0,0,0,0
140,M00140,L,297.29,312.8,1637.0,15.81,147,0,0,0,0,0,0
141,M00141,L,298.41,307.91,1524.0,52.76,77,0,0,1,0,0,1
142,M00142,L,302.61,308.4,1267.0,54.69,113,0,0,0,0,0,0
143,M00143,H,301.68,310.42,1354.0,40.3,19,0,0,0,0,0,0
144,M00144,M,302.97,310.78,1542.0,45.59,75,0,0,0,0,0,0
145,M00145,L,299.46,310.99,1719.0,45.59,244,1,0,0,0,0,1
146,M00146,L,297.7,311.82,1791.0,33.57,247,1,0,0,0,0,1
147,M00147,L,299.52,310.4,1640.0,45.47,121,0,0,0,0,0,0
148,M00148,M,300.2,310.98,1552.0,31.91,234,1,0,0,0,0,1
149,M00149,L,300.16,309.48,1635.0,33.91,125,0,0,0,0,0,0
150,M00150,L,302.27,310.13,1380.0,51.27,31,0,0,0,0,0,0
151,M00151,H,299.28,310.22,1472.0,49.75,216,0,0,0,0,0,0
152,M00152,H,300.7,310.43,1352.0,32.94,103,0,0,0,0,0,0
153,M00153,L,298.02,311.55,1275.0,32.66,153,0,0,0,0,0,0
154,M00154,M,300.9,311.11,1560.0,33.54,162,0,0,0,0,0,0
155,M00155,L,300.01,310.09,1533.0,47.33,77,0,0,0,0,0,0
156,M00156,M,298.5,308.38,1624.0,30.0,183,0,0,0,0,0,0
157,M00157,L,299.53,310.14,1598.0,43.57,125,0,0,0,0,0,0
158,M00158,M,299.63,309.94,1544.0,47.47,91,0,0,0,0,0,0
159,M00159,M,299.46,310.39,1600.0,39.12,74,0,0,0,0,0,0
160,M00160,M,303.54,314.41,1492.0,50.1,186,0,1,0,0,0,1
161,M00161,L,299.8,308.95,1574.0,36.96,62,0,0,0,0,0,0
162,M00162,H,299.51,310.84,1369.0,37.86,31,0,0,0,0,0,0
163,M00163,L,295.81,312.14,1567.0,30.23,220,0,0,0,0,0,0
164,M00164,L,298.21,310.2,1620.0,50.17,82,0,0,1,0,0,1
165,M00165,M,299.47,314.68,1379.0,32.33,160,0,0,0,0,0,0
166,M00166,L,298.63,309.24,1509.0,43.5,179,0,0,0,0,0,0
167,M00167,H,302.76,310.65,1388.0,39.29,209,0,0,0,0,0,0
168,M00168,H,299.67,308.4,1405.0,29.47,156,0,0,0,0,0,0
169,M00169,L,302.58,309.3,1298.0,33.91,176,0,0,0,0,0,0
170,M00170,H,300.12,310.5,1728.0,53.83,209,0,0,1,0,0,1
171,M00171,L,300.07,311.69,1692.0,42.02,235,1,0,0,0,0,1
172,M00172,M,299.82,310.64,1597.0,29.91,11,0,0,0,0,0,0
173,M00173,L,300.01,312.52,1855.0,43.05,185,0,0,0,0,0,0
174,M00174,H,303.44,309.81,1466.0,38.54,43,0,0,0,0,0,0
175,M00175,L,295.36,309.34,2046.0,74.54,222,1,0,1,1,0,1
176,M00176,L,296.0,315.41,1459.0,42.85,12,0,0,0,0,0,0
177,M00177,L,298.91,310.79,1546.0,36.19,61,0,0,0,0,0,0
178,M00178,H,300.03,308.56,1428.0,54.2,48,0,0,0,0,0,0
179,M00179,H,301.38,308.61,1567.0,21.59,150,0,0,0,0,0,0
180,M00180,M,300.95,308.11,1650.0,40.94,1,0,0,0,0,0,0
181,M00181,H,299.23,311.87,1479.0,59.94,4,0,0,1,0,0,1
182,M00182,H,302.04,309.27,1820.0,38.84,126,0,0,0,0,0,0
183,M00183,M,302.06,310.25,1543.0,22.67,242,1,0,0,0,0,1
184,M00184,L,300.37,309.87,1549.0,36.04,132,0,0,0,0,0,0
185,M00185,M,301.93,311.46,1336.0,54.55,111,0,0,0,0,0,0
186,M00186,M,300.55,308.31,1575.0,43.76,164,0,0,0,0,0,0
187,M00187,L,298.88,307.85,1476.0,31.61,137,0,0,0,0,0,0
188,M00188,L,301.4,310.45,1391.0,33.15,96,0,0,0,0,0,0
189,M00189,M,300.22,311.2,1360.0,34.4,147,0,0,0,0,0,0
190,M00190,L,300.0,310.67,1981.0,43.61,0,0,0,1,0,0,1
191,M00191,H,302.95,308.38,1453.0,53.38,61,0,0,0,0,0,0
192,M00192,L,295.1,311.35,1238.0,50.52,168,0,0,0,0,0,0
193,M00193,L,297.16,308.51,1374.0,44.56,85,0,0,0,0,0,0
194,M00194,H,297.63,308.96,1491.0,26.68,13,0,0,0,0,0,0
195,M00195,L,299.27,308.11,1598.0,26.72,31,0,0,0,0,0,0
196,M00196,L,299.49,312.6,1600.0,45.33,216,0,0,0,0,0,0
197,M00197,M,296.99,311.27,1622.0,26.55,82,0,0,0,0,0,0
198,M00198,H,298.03,311.21,1384.0,37.74,5,0,0,0,0,0,0
199,M00199,L,298.28,312.49,1561.0,43.04,182,0,0,0,0,0,0
200,M00200,L,304.91,315.63,1342.0,28.62,132,0,1,0,0,0,1
201,M00201,M,303.6,306.58,1388.0,29.76,112,0,0,0,0,0,0
202,M00202,H,299.18,308.52,1335.0,39.06,223,1,0,0,0,0,1
203,M00203,M,299.27,308.77,1286.0,45.04,78,0,0,0,0,0,0
204,M00204,L,297.7,308.3,1692.0,50.62,143,0,0,1,0,0,1
205,M00205,L,296.18,307.84,1624.0,46.07,186,0,0,0,0,0,0
206,M00206,L,299.77,309.4,1676.0,40.74,152,0,0,0,0,0,0
207,M00207,L,298.0,307.57,1507.0,32.54,51,0,0,0,0,0,0
208,M00208,M,299.83,310.67,1640.0,29.29,170,0,0,0,0,0,0
209,M00209,L,296.8,310.1,1183.0,34.89,185,0,0,0,0,0,0
210,M00210,M,298.48,310.96,1655.0,44.1,30,0,0,0,0,0,0
211,M00211,M,300.3,311.02,1532.0,43.37,41,0,0,0,0,0,0
212,M00212,M,300.73,311.21,1613.0,19.0,168,0,0,0,0,0,0
213,M00213,L,300.83,309.25,1568.0,32.14,29,0,0,0,0,0,0
214,M00214,H,297.36,314.24,1322.0,52.05,220,0,0,0,0,0,0
215,M00215,M,301.71,310.47,1230.0,40.79,27,0,0,0,0,0,0
216,M00216,M,298.4,306.28,1372.0,25.83,243,1,0,0,0,0,1
217,M00217,L,301.27,308.0,1602.0,63.56,167,0,0,1,0,0,1
218,M00218,L,299.98,306.52,1624.0,39.71,110,0,0,0,0,0,0
219,M00219,H,297.25,310.03,1254.0,43.84,67,0,0,0,0,0,0
220,M00220,L,299.37,309.76,1323.0,44.0,86,0,0,0,0,0,0
221,M00221,L,300.73,309.06,1370.0,36.32,187,0,0,0,0,0,0
222,M00222,L,301.23,314.02,1436.0,32.72,188,0,0,0,0,0,0
223,M00223,M,299.72,311.1,1255.0,61.22,52,0,0,0,0,0,0
224,M00224,H,303.06,311.45,1244.0,50.03,135,0,0,0,0,0,0
225,M00225,L,302.02,308.14,1352.0,48.22,248,1,0,0,0,0,1
226,M00226,H,299.49,308.0,1516.0,45.76,64,0,0,0,0,0,0
227,M00227,L,301.5,310.07,1287.0,29.97,173,0,0,0,0,0,0
228,M00228,M,303.87,310.35,1479.0,52.78,43,0,0,0,0,0,0
229,M00229,M,303.92,306.29,1691.0,31.57,208,0,0,0,0,0,0
230,M00230,L,297.54,309.64,1266.0,42.83,42,0,0,0,0,0,0
231,M00231,L,298.15,310.03,1463.0,23.61,74,0,0,0,0,0,0
232,M00232,L,302.97,309.57,1684.0,19.59,114,0,0,0,0,0,0
233,M00233,H,297.88,308.37,1425.0,43.18,92,0,0,0,0,0,0
234,M00234,M,297.35,308.92,1397.0,31.91,42,0,0,0,0,0,0
235,M00235,H,299.03,309.65,1709.0,20.11,160,0,0,0,0,0,0
236,M00236,H,300.84,310.18,1445.0,45.41,4,0,0,0,0,0,0
237,M00237,L,299.8,311.21,1699.0,61.2,245,1,0,1,1,0,1
238,M00238,M,298.7,312.16,1577.0,53.9,13,0,0,1,0,0,1
239,M00239,L,298.65,309.41,1438.0,37.43,83,0,0,0,0,0,0
240,M00240,L,298.58,309.09,1586.0,40.09,232,1,0,0,0,0,1
241,M00241,H,298.24,310.88,1558.0,48.88,38,0,0,0,0,0,0
242,M00242,M,304.56,311.22,1684.0,51.22,18,0,0,1,0,0,1
243,M00243,L,300.6,309.13,1401.0,36.56,185,0,0,0,0,0,0
244,M00244,M,301.77,311.58,1507.0,40.34,18,0,0,0,0,0,0
245,M00245,M,299.02,311.96,1489.0,43.01,224,1,0,0,0,0,1
246,M00246,H,299.63,312.58,1627.0,45.54,112,0,0,0,0,0,0
247,M00247,M,298.57,313.56,1315.0,38.67,217,0,0,0,0,0,0
248,M00248,L,294.7,308.27,1683.0,38.8,61,0,0,0,0,0,0
249,M00249,L,297.24,310.03,1584.0,53.8,35,0,0,1,0,0,1
250,M00250,L,296.38,310.02,1263.0,52.1,240,1,0,0,0,0,1
251,M00251,M,295.5,309.8,1717.0,44.77,190,0,0,0,0,0,0
252,M00252,H,297.61,308.7,1902.0,57.19,227,1,0,1,0,0,1
253,M00253,L,302.65,307.03,1680.0,36.14,79,0,0,0,0,0,0
254,M00254,L,299.91,310.19,1757.0,56.23,101,0,0,1,0,0,1
255,M00255,L,302.58,308.46,1515.0,45.43,144,0,0,0,0,0,0
256,M00256,M,300.82,310.17,1201.0,72.71,112,0,0,1,0,0,1
257,M00257,H,301.57,308.41,1168.0,28.08,60,0,0,0,0,0,0
258,M00258,L,298.2,307.8,1546.0,33.11,93,0,0,0,0,0,0
259,M00259,L,301.05,310.47,1393.0,44.19,152,0,0,0,0,0,0
260,M00260,M,301.46,310.3,1335.0,43.97,9,0,0,0,0,0,0
261,M00261,L,298.85,311.16,1489.0,59.5,83,0,0,1,0,0,1
262,M00262,H,301.12,314.37,1611.0,33.32,73,0,0,0,0,0,0
263,M00263,L,301.13,310.55,1239.0,49.05,17,0,0,0,0,0,0
264,M00264,L,298.9,310.97,1419.0,51.62,30,0,0,0,0,0,0
265,M00265,H,297.75,307.84,1772.0,47.05,123,0,0,1,0,0,1
266,M00266,L,297.63,307.43,1306.0,30.39,25,0,0,0,0,0,0
267,M00267,L,300.17,313.17,1657.0,54.08,86,0,0,1,0,0,1
268,M00268,L,300.65,308.15,1413.0,52.29,140,0,0,0,0,0,0
269,M00269,L,298.41,307.91,1598.0,46.0,218,0,0,0,0,0,0
270,M00270,L,300.05,309.92,1698.0,42.04,24,0,0,0,0,0,0
271,M00271,L,301.14,309.82,1633.0,42.26,108,0,0,0,0,0,0
272,M00272,L,301.24,308.19,1664.0,39.21,25,0,0,0,0,0,0
273,M00273,L,303.1,309.39,1293.0,46.41,107,0,0,0,0,0,0
274,M00274,M,302.55,312.46,1700.0,40.31,120,0,0,0,0,0,0
275,M00275,M,298.0,308.39,1347.0,31.51,199,0,0,0,0,0,0
276,M00276,L,303.37,307.21,1547.0,29.51,110,0,0,0,0,0,0
277,M00277,L,298.94,311.89,1546.0,32.48,233,1,0,0,0,0,1
278,M00278,M,302.09,310.98,1587.0,42.22,34,0,0,0,0,0,0
279,M00279,H,300.14,308.76,1561.0,39.73,13,0,0,0,0,0,0
280,M00280,H,299.18,306.84,1348.0,42.15,1,0,0,0,0,0,0
281,M00281,L,296.38,308.51,1257.0,45.01,89,0,0,0,0,0,0
282,M00282,L,299.66,309.89,1657.0,33.73,48,0,0,0,0,0,0
283,M00283,L,296.88,312.33,1533.0,54.66,22,0,0,1,0,0,1
284,M00284,L,301.93,307.93,1707.0,37.32,58,0,0,0,0,0,0
285,M00285,M,303.03,309.83,1492.0,35.67,243,1,0,0,0,0,1
286,M00286,L,298.41,311.35,1247.0,44.82,200,0,0,0,0,0,0
287,M00287,L,300.6,305.24,1674.0,21.63,4,0,0,0,0,0,0
288,M00288,L,298.55,312.07,1433.0,32.09,228,1,0,0,0,0,1
289,M00289,M,298.74,307.64,1562.0,49.81,51,0,0,0,0,0,0
290,M00290,L,301.55,310.66,1383.0,22.63,101,0,0,0,0,0,0
291,M00291,H,299.92,310.49,1796.0,51.18,81,0,0,1,0,0,1
292,M00292,L,303.48,312.17,1342.0,55.11,101,0,0,0,0,0,0
293,M00293,H,299.04,311.1,1439.0,36.31,190,0,0,0,0,0,0
294,M00294,L,302.0,305.25,1519.0,42.92,178,0,0,0,0,0,0
295,M00295,H,300.19,308.43,1303.0,51.19,148,0,0,0,0,0,0
296,M00296,H,301.59,310.28,1559.0,35.33,156,0,0,0,0,0,0
297,M00297,H,299.11,309.61,1790.0,48.68,181,0,0,1,0,0,1
298,M00298,H,299.9,310.96,1412.0,33.29,46,0,0,0,0,0,0
299,M00299,M,299.77,311.58,1571.0,35.22,98,0,0,0,0,0,0
300,M00300,M,298.33,311.22,1005.0,32.01,26,0,0,0,0,0,0
301,M00301,M,301.32,309.57,1493.0,43.43,176,0,0,0,0,0,0
302,M00302,L,301.3,306.31,1444.0,51.58,109,0,0,0,0,0,0
303,M00303,M,301.19,309.09,1353.0,38.16,159,0,0,0,0,0,0
304,M00304,M,303.07,310.83,1695.0,27.29,141,0,0,0,0,0,0
305,M00305,H,302.9,307.82,1441.0,29.17,68,0,0,0,0,0,0
306,M00306,L,299.25,311.26,1468.0,43.95,34,0,0,0,0,0,0
307,M00307,L,300.75,311.82,1432.0,58.44,243,1,0,1,0,0,1
308,M00308,M,298.75,310.25,1155.0,43.94,73,0,0,0,0,0,0
309,M00309,L,300.05,303.87,1296.0,36.13,27,0,0,0,0,0,0
310,M00310,L,298.8,307.44,1673.0,47.66,76,0,0,0,0,0,0
311,M00311,L,303.24,313.77,1120.0,37.61,225,1,1,0,0,0,1
312,M00312,L,300.73,308.91,1362.0,36.22,65,0,0,0,0,0,0
313,M00313,L,299.56,306.03,1428.0,30.42,246,1,0,0,0,0,1
314,M00314,L,302.39,312.47,1814.0,54.08,115,0,0,1,0,0,1
315,M00315,L,295.66,310.03,1638.0,14.61,215,0,0,0,0,0,0
316,M00316,L,295.97,312.21,1400.0,47.98,163,0,0,0,0,0,0
317,M00317,L,301.59,310.55,1735.0,35.36,10,0,0,0,0,0,0
318,M00318,M,300.12,310.92,1367.0,35.9,127,0,0,0,0,0,0
319,M00319,L,300.5,310.73,1682.0,56.92,104,0,0,1,0,0,1
320,M00320,H,297.35,311.39,1255.0,32.86,50,0,0,0,0,0,0
321,M00321,H,299.95,314.55,1693.0,33.2,137,0,0,0,0,0,0
322,M00322,L,304.01,311.94,1427.0,38.7,25,0,0,0,0,0,0
323,M00323,L,301.65,306.84,1315.0,44.14,174,0,0,0,0,0,0
324,M00324,M,300.34,310.89,1461.0,35.58,205,0,0,0,0,0,0
325,M00325,H,299.12,312.28,1550.0,24.26,23,0,0,0,0,0,0
326,M00326,M,299.21,312.41,1411.0,31.34,119,0,0,0,0,0,0
327,M00327,H,295.74,309.15,1600.0,52.81,163,0,0,1,0,0,1
328,M00328,M,300.52,312.33,1395.0,40.75,15,0,0,0,0,0,0
329,M00329,M,301.69,311.86,1612.0,44.51,97,0,0,0,0,0,0
330,M00330,L,296.85,315.15,1580.0,37.39,64,0,0,0,0,0,0
331,M00331,M,298.68,308.5,1489.0,33.41,9,0,0,0,0,0,0
332,M00332,L,297.69,308.99,1421.0,56.78,201,0,0,1,0,0,1
333,M00333,M,298.07,309.39,1527.0,38.12,111,0,0,0,0,0,0
334,M00334,H,300.11,309.02,1599.0,35.57,187,0,0,0,0,0,0
335,M00335,L,295.83,308.22,1871.0,50.96,146,0,0,1,0,0,1
336,M00336,M,301.23,304.47,1669.0,32.78,218,0,0,0,0,0,0
337,M00337,L,301.51,309.13,1676.0,34.05,249,1,0,0,0,0,1
338,M00338,M,299.5,310.74,2056.0,40.1,150,0,0,1,0,0,1
339,M00339,L,295.04,309.01,1593.0,40.0,88,0,0,0,0,0,0
340,M00340,H,298.01,313.87,1587.0,42.6,105,0,0,0,0,0,0
341,M00341,L,302.47,310.03,1627.0,60.92,206,0,0,1,1,0,1
342,M00342,H,294.44,312.58,1318.0,43.36,106,0,0,0,0,0,0
343,M00343,H,299.3,310.52,1420.0,16.22,129,0,0,0,0,0,0
344,M00344,M,297.64,311.65,1409.0,43.26,48,0,0,0,0,0,0
345,M00345,M,301.61,310.56,1617.0,40.38,247,1,0,0,0,0,1
346,M00346,M,298.65,312.74,1469.0,40.43,162,0,0,0,0,0,0
347,M00347,H,300.81,310.11,1525.0,42.46,82,0,0,0,0,0,0
348,M00348,L,301.13,310.99,1696.0,39.71,146,0,0,0,0,0,0
349,M00349,M,303.67,310.73,1655.0,39.47,100,0,0,0,0,0,0
350,M00350,L,299.59,309.42,1471.0,46.13,38,0,0,0,0,0,0
351,M00351,M,300.75,310.81,1379.0,34.58,218,0,0,0,0,0,0
352,M00352,L,297.03,314.47,1704.0,30.52,221,1,0,0,0,0,1
353,M00353,M,302.38,309.46,1639.0,70.24,208,0,0,1,1,0,1
354,M00354,M,298.48,310.84,1211.0,32.84,92,0,0,0,0,0,0
355,M00355,L,298.88,312.52,1444.0,41.0,64,0,0,0,0,0,0
356,M00356,M,299.96,312.28,1530.0,25.04,12,0,0,0,0,0,0
357,M00357,M,296.87,310.02,1640.0,41.16,182,0,0,0,0,0,0
358,M00358,M,300.46,305.23,1664.0,30.67,81,0,0,0,0,0,0
359,M00359,L,301.93,311.03,1551.0,35.58,223,1,0,0,0,0,1
360,M00360,M,300.59,305.56,1605.0,50.45,217,0,0,1,0,0,1
361,M00361,H,296.82,312.94,1512.0,44.72,32,0,0,0,0,0,0
362,M00362,L,299.75,310.34,1379.0,45.68,229,1,0,0,0,0,1
363,M00363,L,301.48,312.0,1453.0,22.29,35,0,0,0,0,0,0
364,M00364,L,296.24,308.2,1503.0,58.37,122,0,0,1,0,0,1
365,M00365,M,297.85,306.89,1494.0,28.08,118,0,0,0,0,0,0
366,M00366,L,301.75,310.52,1161.0,55.29,239,1,0,0,0,0,1
367,M00367,M,300.54,309.93,1428.0,50.22,164,0,0,0,0,0,0
368,M00368,M,300.82,309.02,1510.0,45.77,218,0,0,0,0,0,0
369,M00369,L,303.72,310.17,1449.0,31.45,148,0,0,0,0,0,0
370,M00370,H,300.94,315.53,1456.0,41.52,206,0,0,0,0,0,0
371,M00371,M,301.32,311.67,1588.0,35.29,213,0,0,0,0,0,0
372,M00372,L,305.42,312.1,1306.0,40.29,214,0,0,0,0,0,0
373,M00373,L,299.57,311.69,1207.0,37.5,102,0,0,0,0,0,0
374,M00374,L,298.4,312.96,1437.0,19.61,95,0,0,0,0,0,0
375,M00375,L,300.86,309.62,1638.0,51.22,246,1,0,1,0,0,1
376,M00376,L,300.88,305.89,1804.0,39.19,189,0,0,0,0,0,0
377,M00377,H,298.95,309.62,1641.0,35.15,229,1,0,0,0,0,1
378,M00378,L,297.94,311.62,1236.0,34.4,144,0,0,0,0,0,0
379,M00379,L,304.62,308.06,1458.0,43.58,232,1,0,0,0,0,1
380,M00380,M,300.65,309.65,1546.0,31.06,179,0,0,0,0,0,0
381,M00381,M,298.54,308.62,1532.0,17.45,185,0,0,0,0,0,0
382,M00382,H,301.83,313.0,1597.0,44.07,44,0,0,0,0,0,0
383,M00383,M,299.78,311.5,1335.0,45.19,141,0,0,0,0,0,0
384,M00384,L,299.49,311.3,1512.0,38.0,182,0,0,0,0,0,0
385,M00385,L,301.12,311.24,1576.0,28.52,190,0,0,0,0,0,0
386,M00386,H,297.42,309.93,1649.0,40.89,239,1,0,0,0,0,1
387,M00387,M,300.71,310.4,1355.0,25.35,81,0,0,0,0,0,0
388,M00388,H,303.83,307.63,1438.0,29.73,75,0,0,0,0,0,0
389,M00389,L,300.93,305.63,1013.0,32.49,242,1,0,0,0,0,1
390,M00390,H,299.25,310.3,1388.0,48.44,246,1,0,0,0,0,1
391,M00391,M,298.99,310.65,1406.0,36.37,44,0,0,0,0,0,0
392,M00392,L,299.18,312.42,1316.0,35.52,94,0,0,0,0,0,0
393,M00393,M,299.49,313.14,1530.0,59.55,237,1,0,1,0,0,1
394,M00394,M,299.24,313.14,1490.0,43.52,49,0,0,0,0,0,0
395,M00395,L,301.83,308.0,1093.0,43.39,195,0,0,0,0,0,0
396,M00396,L,296.53,309.3,1539.0,36.3,28,0,0,0,0,0,0
397,M00397,H,301.72,310.96,1333.0,34.04,44,0,0,0,0,0,0
398,M00398,L,299.24,315.06,1587.0,18.14,196,0,0,0,0,0,0
399,M00399,L,300.75,312.96,1269.0,49.69,151,0,0,0,0,0,0
400,M00400,L,297.75,312.24,1505.0,44.48,138,0,0,0,0,0,0
401,M00401,L,302.66,309.22,1449.0,38.21,214,0,0,0,0,0,0
402,M00402,H,302.49,308.23,1555.0,38.63,76,0,0,0,0,0,0
403,M00403,M,301.92,311.58,1522.0,47.36,125,0,0,0,0,0,0
404,M00404,L,296.97,307.8,1454.0,24.45,152,0,0,0,0,0,0
405,M00405,H,301.66,309.52,1223.0,34.1,184,0,0,0,0,0,0
406,M00406,H,300.81,309.77,1234.0,28.64,83,0,0,0,0,0,0
407,M00407,L,296.79,313.19,1395.0,57.72,158,0,0,1,0,0,1
408,M00408,H,299.95,309.29,1499.0,48.76,112,0,0,0,0,0,0
409,M00409,L,300.73,305.12,1391.0,17.97,135,0,0,0,0,0,0
410,M00410,H,301.11,311.01,1613.0,24.86,215,0,0,0,0,0,0
411,M00411,M,300.35,308.6,1450.0,38.68,98,0,0,0,0,0,0
412,M00412,M,300.58,310.09,1326.0,35.28,167,0,0,0,0,0,0
413,M00413,L,302.95,309.83,1450.0,26.76,235,1,0,0,0,0,1
414,M00414,H,302.45,309.45,1541.0,59.45,190,0,0,1,0,0,1
415,M00415,L,294.27,311.58,1558.0,43.13,247,1,0,0,0,0,1
416,M00416,L,299.37,306.93,1838.0,44.75,145,0,0,1,0,0,1
417,M00417,L,299.67,308.97,1380.0,33.08,70,0,0,0,0,0,0
418,M00418,M,296.5,311.37,1487.0,47.22,247,1,0,0,0,0,1
419,M00419,L,300.19,308.77,1577.0,36.2,161,0,0,0,0,0,0
420,M00420,H,302.5,306.78,1496.0,37.17,60,0,0,0,0,0,0
421,M00421,M,297.83,311.34,1410.0,46.11,79,0,0,0,0,0,0
422,M00422,L,300.67,312.25,1221.0,23.71,65,0,0,0,0,0,0
423,M00423,L,298.17,309.91,1408.0,55.97,208,0,0,0,0,0,0
424,M00424,L,298.66,306.08,1307.0,41.82,23,0,0,0,0,0,0
425,M00425,M,302.95,311.41,1189.0,52.81,184,0,0,0,0,0,0
426,M00426,H,298.91,306.68,1357.0,29.25,138,0,0,0,0,0,0
427,M00427,L,300.92,310.62,1312.0,30.77,18,0,0,0,0,0,0
428,M00428,H,296.26,308.23,1605.0,28.38,153,0,0,0,0,0,0
429,M00429,L,303.72,307.68,1608.0,42.5,188,0,0,0,0,0,0
430,M00430,H,301.21,309.12,1337.0,40.66,181,0,0,0,0,0,0
431,M00431,H,299.64,309.63,1453.0,35.36,132,0,0,0,0,0,0
432,M00432,M,301.15,308.71,1166.0,29.86,83,0,0,0,0,0,0
433,M00433,M,297.18,311.18,1411.0,27.33,40,0,0,0,0,0,0
434,M00434,H,302.37,309.11,1572.0,39.52,3,0,0,0,0,0,0
435,M00435,L,299.35,311.96,1648.0,35.34,89,0,0,0,0,0,0
436,M00436,L,299.59,310.56,1372.0,33.14,158,0,0,0,0,0,0
437,M00437,L,299.02,308.6,1689.0,55.47,9,0,0,1,0,0,1
438,M00438,M,298.84,308.27,1227.0,39.18,249,1,0,0,0,0,1
439,M00439,M,301.39,306.71,1275.0,52.7,146,0,0,0,0,0,0
440,M00440,M,300.51,310.58,1628.0,34.67,73,0,0,0,0,0,0
441,M00441,H,301.3,309.29,1801.0,42.45,240,1,0,0,0,0,1
442,M00442,L,299.98,305.26,1589.0,39.45,45,0,0,0,0,0,0
443,M00443,M,301.03,308.93,1493.0,23.02,239,1,0,0,0,0,1
444,M00444,L,299.16,308.2,1105.0,54.28,70,0,0,0,0,0,0
445,M00445,L,304.46,313.15,1136.0,38.65,94,0,1,0,0,0,1
446,M00446,M,296.86,306.59,1523.0,47.46,106,0,0,0,0,0,0
447,M00447,H,302.52,307.12,1436.0,32.48,248,1,0,0,0,0,1
448,M00448,M,302.74,312.22,1301.0,38.35,62,0,0,0,0,0,0
449,M00449,L,298.3,312.71,1512.0,31.33,243,1,0,0,0,0,1
450,M00450,M,304.46,308.51,1521.0,52.36,86,0,0,0,0,0,0
451,M00451,L,301.99,308.74,1670.0,43.11,71,0,0,0,0,0,0
452,M00452,H,301.94,311.23,1525.0,43.67,159,0,0,0,0,0,0
453,M00453,M,300.06,305.35,1721.0,53.58,173,0,0,1,0,0,1
454,M00454,L,299.57,306.28,1501.0,51.56,86,0,0,0,0,0,0
455,M00455,L,299.58,309.44,1479.0,47.65,33,0,0,0,0,0,0
456,M00456,L,300.78,313.1,1692.0,25.78,99,0,0,0,0,0,0
457,M00457,H,302.8,309.13,1324.0,33.04,135,0,0,0,0,0,0
458,M00458,L,300.36,310.2,2007.0,29.96,10,0,0,0,0,0,0
459,M00459,M,298.18,312.27,1568.0,47.28,19,0,0,0,0,0,0
460,M00460,M,301.65,314.21,1569.0,41.71,229,1,0,0,0,0,1
461,M00461,M,301.84,308.85,1595.0,26.09,8,0,0,0,0,0,0
462,M00462,L,301.31,309.97,1838.0,38.11,101,0,0,0,0,0,0
463,M00463,H,301.49,313.64,1643.0,25.06,190,0,0,0,0,0,0
464,M00464,L,299.46,306.96,1211.0,39.47,82,0,0,0,0,0,0
465,M00465,M,298.14,312.06,1753.0,23.45,123,0,0,0,0,0,0
466,M00466,M,298.26,307.96,1439.0,45.29,21,0,0,0,0,0,0
467,M00467,M,296.73,310.2,1519.0,43.78,198,0,0,0,0,0,0
468,M00468,H,300.47,309.51,1270.0,59.08,158,0,0,0,0,0,0
469,M00469,L,299.83,308.08,1595.0,48.48,212,0,0,0,0,0,0
470,M00470,M,299.12,308.03,1383.0,35.77,215,0,0,0,0,0,0
471,M00471,L,294.09,310.55,1518.0,48.18,87,0,0,0,0,0,0
472,M00472,L,297.51,311.99,1449.0,26.02,10,0,0,0,0,0,0
473,M00473,L,302.24,309.74,1847.0,30.38,86,0,0,0,0,0,0
474,M00474,L,298.67,310.14,1857.0,43.33,36,0,0,1,0,0,1
475,M00475,L,300.72,311.14,1508.0,18.42,133,0,0,0,0,0,0
476,M00476,L,297.22,308.06,1512.0,39.63,36,0,0,0,0,0,0
477,M00477,L,302.88,311.48,1433.0,29.8,230,1,0,0,0,0,1
478,M00478,M,299.71,311.64,1699.0,41.01,150,0,0,0,0,0,0
479,M00479,M,300.58,315.21,1441.0,29.22,63,0,0,0,0,0,0
480,M00480,L,304.65,309.25,1424.0,44.24,230,1,0,0,0,0,1
481,M00481,L,303.03,309.08,1676.0,40.19,192,0,0,0,0,0,0
482,M00482,L,299.39,311.54,1403.0,54.0,109,0,0,0,0,0,0
483,M00483,M,298.81,311.64,1493.0,40.07,36,0,0,0,0,0,0
484,M00484,L,299.35,308.93,1215.0,32.31,85,0,0,0,0,0,0
485,M00485,L,301.02,309.19,1627.0,37.53,146,0,0,0,0,0,0
486,M00486,L,299.79,311.08,1849.0,26.56,191,0,0,0,0,0,0
487,M00487,L,299.21,308.34,1630.0,44.06,65,0,0,0,0,0,0
488,M00488,L,302.93,309.18,1763.0,45.9,185,0,0,1,0,0,1
489,M00489,M,299.77,310.18,1348.0,64.69,70,0,0,1,0,0,1
490,M00490,M,304.6,311.99,1543.0,33.78,61,0,0,0,0,0,0
491,M00491,M,300.18,308.79,1330.0,37.32,111,0,0,0,0,0,0
492,M00492,M,303.57,306.32,1459.0,34.24,40,0,0,0,0,0,0
493,M00493,M,300.71,306.17,1639.0,42.12,101,0,0,0,0,0,0
494,M00494,L,301.93,307.48,1518.0,43.82,89,0,0,0,0,0,0
495,M00495,M,298.55,307.37,1246.0,39.47,70,0,0,0,0,0,0
496,M00496,M,298.29,309.69,1263.0,50.86,193,0,0,0,0,0,0
497,M00497,L,300.92,307.62,1251.0,33.83,82,0,0,0,0,0,0
498,M00498,M,301.98,308.59,1588.0,49.86,173,0,0,0,0,0,0
499,M00499,L,300.08,308.45,1872.0,45.38,180,0,0,1,0,0,1
500,M00500,M,297.43,309.12,1745.0,39.88,166,0,0,0,0,0,0
501,M00501,M,297.28,312.65,1159.0,36.85,67,0,0,0,0,0,0
502,M00502,H,297.15,311.32,1756.0,64.27,207,0,0,1,1,0,1
503,M00503,H,296.46,310.03,1669.0,31.83,59,0,0,0,0,0,0
504,M00504,M,300.22,309.08,1222.0,42.98,69,0,0,0,0,0,0
505,M00505,M,302.25,309.13,1445.0,32.5,218,0,0,0,0,0,0
506,M00506,M,299.97,310.66,1697.0,57.86,84,0,0,1,0,0,1
507,M00507,L,295.48,311.17,1599.0,48.87,174,0,0,0,0,0,0
508,M00508,H,299.62,308.18,1264.0,33.22,10,0,0,0,0,0,0
509,M00509,L,299.67,310.07,1610.0,45.13,153,0,0,0,0,0,0
510,M00510,L,304.19,305.94,1115.0,42.58,217,0,0,0,0,0,0
511,M00511,L,297.09,310.42,1460.0,34.83,177,0,0,0,0,0,0
512,M00512,H,299.22,311.52,1705.0,47.58,145,0,0,1,0,0,1
513,M00513,L,303.41,309.44,1503.0,43.89,212,0,0,0,0,0,0
514,M00514,L,300.9,313.63,1410.0,42.16,74,0,0,0,0,0,0
515,M00515,L,301.13,308.24,1660.0,39.58,94,0,0,0,0,0,0
516,M00516,L,300.23,310.43,1675.0,44.31,17,0,0,0,0,0,0
517,M00517,L,300.66,309.93,1736.0,42.29,174,0,0,0,0,0,0
518,M00518,M,301.56,309.8,1657.0,40.59,180,0,0,0,0,0,0
519,M00519,L,298.38,309.77,1695.0,33.59,187,0,0,0,0,0,0
520,M00520,H,301.76,310.21,1632.0,56.94,187,0,0,1,0,0,1
521,M00521,H,297.25,311.7,1548.0,29.5,31,0,0,0,0,0,0
522,M00522,L,300.66,312.76,1516.0,44.28,166,0,0,0,0,0,0
523,M00523,L,300.36,310.0,1457.0,36.8,190,0,0,0,0,0,0
524,M00524,M,298.77,311.63,1282.0,57.6,50,0,0,0,0,0,0
525,M00525,L,299.95,308.6,1328.0,30.97,119,0,0,0,0,0,0
526,M00526,L,298.75,311.53,1449.0,32.65,228,1,0,0,0,0,1
527,M00527,H,297.86,308.48,1543.0,30.3,103,0,0,0,0,0,0
528,M00528,H,299.29,312.18,1759.0,43.23,188,0,0,0,0,0,0
529,M00529,M,297.79,314.42,1492.0,26.27,132,0,0,0,0,0,0
530,M00530,L,300.65,309.76,1681.0,35.21,164,0,0,0,0,0,0
531,M00531,M,297.7,305.61,1694.0,18.48,156,0,0,0,0,0,0
532,M00532,M,301.42,308.9,1458.0,42.4,162,0,0,0,0,1,1
533,M00533,L,297.64,312.46,1607.0,35.0,194,0,0,0,0,0,0
534,M00534,M,298.87,311.11,1456.0,25.12,226,1,0,0,0,0,1
535,M00535,L,298.75,310.5,1738.0,50.86,73,0,0,1,0,0,1
536,M00536,L,302.65,312.02,1614.0,26.92,232,1,0,0,0,0,1
537,M00537,M,300.66,310.97,1286.0,47.97,156,0,0,0,0,0,0
538,M00538,L,299.58,312.44,1529.0,32.99,148,0,0,0,0,0,0
539,M00539,L,301.0,311.84,1797.0,56.02,81,0,0,1,0,0,1
540,M00540,H,295.79,313.04,1467.0,47.5,104,0,0,0,0,0,0
541,M00541,H,299.91,310.72,1581.0,29.92,162,0,0,0,0,0,0
542,M00542,M,304.0,311.81,1598.0,30.83,90,0,0,0,0,0,0
543,M00543,H,300.26,309.39,1313.0,46.06,71,0,0,0,0,0,0
544,M00544,H,300.14,308.8,1592.0,37.38,204,0,0,0,0,0,0
545,M00545,L,301.1,313.41,1249.0,38.31,103,0,0,0,0,0,0
546,M00546,L,301.79,310.43,1387.0,52.72,161,0,0,0,0,0,0
547,M00547,L,296.01,311.61,1694.0,32.51,7,0,0,0,0,0,0
548,M00548,L,296.64,310.25,1564.0,40.91,19,0,0,0,0,0,0
549,M00549,M,300.42,308.83,1445.0,49.55,212,0,0,0,0,0,0
550,M00550,L,298.57,310.02,1580.0,48.09,35,0,0,0,0,0,0
551,M00551,L,302.62,312.87,1489.0,38.4,198,0,0,0,0,0,0
552,M00552,L,299.37,311.11,1502.0,37.11,225,1,0,0,0,0,1
553,M00553,L,296.13,306.58,1618.0,22.61,120,0,0,0,0,0,0
554,M00554,H,297.46,309.57,1369.0,29.44,221,1,0,0,0,0,1
555,M00555,L,294.5,313.56,1507.0,43.18,106,0,0,0,0,0,0
556,M00556,L,299.53,309.57,1444.0,38.62,237,1,0,0,0,0,1
557,M00557,L,299.62,306.4,1215.0,40.75,59,0,0,0,0,0,0
558,M00558,L,299.15,313.79,1334.0,50.39,106,0,0,0,0,0,0
559,M00559,M,302.16,311.36,1782.0,28.13,97,0,0,0,0,0,0
560,M00560,L,302.4,309.86,1569.0,37.64,196,0,0,0,0,0,0
561,M00561,L,299.66,309.26,1262.0,41.89,10,0,0,0,0,0,0
562,M00562,L,295.73,312.16,1223.0,32.96,207,0,0,0,0,0,0
563,M00563,H,301.23,308.92,1480.0,54.31,5,0,0,1,0,0,1
564,M00564,M,301.11,312.3,1781.0,49.09,78,0,0,1,0,0,1
565,M00565,M,300.62,311.08,1466.0,42.9,149,0,0,0,0,0,0
566,M00566,M,301.96,310.49,1735.0,57.94,36,0,0,1,0,0,1
567,M00567,M,297.67,310.29,1563.0,25.01,122,0,0,0,0,0,0
568,M00568,L,304.02,309.65,1585.0,39.92,249,1,0,0,0,0,1
569,M00569,L,298.08,312.09,1260.0,43.66,205,0,0,0,0,0,0
570,M00570,M,301.5,308.27,1669.0,30.85,7,0,0,0,0,0,0
571,M00571,L,296.63,306.76,1440.0,43.01,147,0,0,0,0,1,1
572,M00572,H,298.14,311.23,1655.0,28.93,149,0,0,0,0,0,0
573,M00573,L,303.03,311.26,1353.0,46.91,17,0,0,0,0,0,0
574,M00574,M,299.48,310.96,1532.0,50.58,162,0,0,0,0,0,0
575,M00575,H,301.68,310.82,1563.0,42.72,130,0,0,0,0,0,0
576,M00576,M,300.47,309.36,1472.0,21.47,170,0,0,0,0,0,0
577,M00577,H,299.79,311.57,1573.0,30.33,74,0,0,0,0,0,0
578,M00578,M,302.73,309.91,1452.0,45.65,63,0,0,0,0,0,0
579,M00579,H,299.53,309.03,1383.0,40.21,183,0,0,0,0,0,0
580,M00580,L,296.44,309.38,1789.0,13.06,180,0,0,0,0,0,0
581,M00581,L,298.39,314.04,1689.0,52.43,40,0,0,1,0,0,1
582,M00582,M,301.1,306.53,1363.0,41.37,54,0,0,0,0,0,0
583,M00583,L,300.79,311.0,1602.0,31.81,146,0,0,0,0,0,0
584,M00584,L,296.87,306.64,1366.0,49.95,207,0,0,0,0,0,0
585,M00585,H,298.55,309.78,1287.0,33.22,50,0,0,0,0,0,0
586,M00586,M,298.84,309.13,1686.0,33.12,54,0,0,0,0,0,0
587,M00587,L,299.27,305.83,1193.0,43.58,201,0,0,0,0,0,0
588,M00588,L,297.25,310.78,1667.0,57.81,174,0,0,1,0,0,1
589,M00589,L,298.74,309.24,1455.0,56.24,225,1,0,1,0,0,1
590,M00590,L,298.54,305.8,1462.0,43.6,195,0,0,0,0,0,0
591,M00591,H,301.54,311.68,1574.0,44.62,238,1,0,0,0,0,1
592,M00592,L,301.62,312.87,1605.0,47.91,47,0,0,0,0,0,0
593,M00593,L,299.71,312.98,1351.0,27.43,67,0,0,0,0,0,0
594,M00594,M,299.22,310.72,1629.0,46.44,59,0,0,0,0,0,0
595,M00595,L,300.28,310.09,1520.0,32.66,13,0,0,0,0,0,0
596,M00596,L,298.37,312.66,1274.0,43.18,194,0,0,0,0,0,0
597,M00597,M,297.71,313.36,1469.0,37.73,165,0,0,0,0,0,0
598,M00598,M,298.12,312.27,1749.0,45.01,21,0,0,0,0,0,0
599,M00599,H,298.73,308.12,1802.0,41.18,49,0,0,0,0,0,0
600,M00600,M,297.67,310.4,1629.0,9.27,47,0,0,0,0,0,0
601,M00601,L,300.32,310.88,1286.0,41.79,100,0,0,0,0,0,0
602,M00602,M,301.46,306.38,1588.0,46.42,113,0,0,0,0,0,0
603,M00603,H,296.83,310.94,1653.0,44.46,72,0,0,0,0,0,0
604,M00604,M,300.05,314.55,1631.0,38.97,232,1,0,0,0,0,1
605,M00605,H,299.56,311.28,1641.0,56.42,53,0,0,1,0,0,1
606,M00606,M,300.68,312.95,1565.0,43.11,140,0,0,0,0,0,0
607,M00607,H,299.97,310.37,1487.0,44.38,109,0,0,0,0,0,0
608,M00608,L,297.09,309.85,1390.0,50.44,96,0,0,0,0,0,0
609,M00609,M,297.48,310.76,1158.0,43.63,206,0,0,0,0,0,0
610,M00610,L,300.06,308.37,1561.0,31.02,244,1,0,0,0,0,1
611,M00611,M,302.06,308.07,1533.0,15.62,1,0,0,0,0,0,0
612,M00612,M,295.57,312.53,1600.0,35.23,115,0,0,0,0,0,0
613,M00613,H,300.69,312.74,1259.0,47.61,29,0,0,0,0,0,0
614,M00614,H,302.38,308.02,1616.0,36.47,108,0,0,0,0,0,0
615,M00615,L,299.69,311.94,1870.0,48.01,154,0,0,1,0,0,1
616,M00616,M,301.1,309.83,1514.0,41.49,102,0,0,0,0,0,0
617,M00617,M,298.59,310.68,1489.0,52.88,77,0,0,0,0,0,0
618,M00618,L,299.76,310.92,1556.0,37.05,78,0,0,0,0,0,0
619,M00619,L,296.76,311.99,1866.0,44.68,74,0,0,1,0,0,1
620,M00620,L,295.31,310.17,1316.0,45.06,81,0,0,0,0,0,0
621,M00621,M,301.89,312.82,1537.0,55.02,93,0,0,1,0,0,1
622,M00622,L,298.03,310.62,1356.0,22.93,171,0,0,0,0,0,0
623,M00623,H,299.09,311.25,1402.0,35.42,24,0,0,0,0,0,0
624,M00624,L,297.23,308.33,1491.0,48.49,10,0,0,0,0,0,0
625,M00625,H,297.18,314.32,1743.0,55.46,129,0,0,1,0,0,1
626,M00626,L,299.65,310.94,1824.0,42.4,170,0,0,0,0,0,0
627,M00627,M,298.54,311.43,1581.0,37.07,64,0,0,0,0,0,0
628,M00628,L,300.76,306.78,1432.0,47.57,50,0,0,0,0,0,0
629,M00629,M,300.91,308.35,1949.0,48.69,156,0,0,1,0,0,1
630,M00630,H,300.64,312.48,1423.0,36.4,96,0,0,0,0,0,0
631,M00631,H,300.48,310.57,1397.0,43.3,184,0,0,0,0,0,0
632,M00632,H,303.16,306.17,1181.0,51.81,36,0,0,0,0,0,0
633,M00633,L,297.86,312.08,1751.0,58.9,30,0,0,1,0,0,1
634,M00634,L,299.89,308.91,1674.0,47.43,138,0,0,0,0,0,0
635,M00635,L,302.27,312.82,1935.0,40.44,98,0,0,0,0,0,0
636,M00636,L,302.53,309.82,1250.0,39.46,182,0,0,0,0,0,0
637,M00637,M,297.16,310.41,1762.0,45.57,126,0,0,1,0,0,1
638,M00638,M,299.38,312.36,1513.0,38.84,88,0,0,0,0,0,0
639,M00639,M,302.72,308.21,1645.0,41.9,39,0,0,0,0,0,0
640,M00640,H,301.02,308.01,1203.0,29.42,40,0,0,0,0,0,0
641,M00641,M,300.39,309.61,1764.0,52.97,188,0,0,1,0,0,1
642,M00642,H,299.56,311.65,1642.0,28.6,56,0,0,0,0,0,0
643,M00643,L,299.23,307.34,1493.0,35.68,125,0,0,0,0,0,0
644,M00644,L,300.58,306.66,1616.0,40.98,204,0,0,0,0,0,0
645,M00645,M,299.5,311.65,1362.0,59.91,224,1,0,1,0,0,1
646,M00646,H,299.91,308.79,1396.0,35.77,66,0,0,0,0,0,0
647,M00647,L,300.16,309.22,1417.0,33.34,27,0,0,0,0,0,0
648,M00648,M,298.64,306.29,1167.0,34.49,193,0,0,0,0,0,0
649,M00649,M,301.06,308.64,1655.0,56.59,171,0,0,1,0,0,1
650,M00650,L,305.83,309.98,1714.0,11.88,82,0,0,0,0,0,0
651,M00651,L,296.45,311.86,1374.0,29.97,148,0,0,0,0,0,0
652,M00652,H,300.65,308.46,1563.0,67.31,47,0,0,1,0,0,1
653,M00653,M,298.48,313.31,1452.0,45.91,175,0,0,0,0,0,0
654,M00654,L,301.15,308.63,1559.0,28.94,181,0,0,0,0,0,0
655,M00655,H,300.09,308.63,1387.0,39.58,74,0,0,0,0,0,0
656,M00656,L,301.52,313.07,1341.0,40.67,117,0,0,0,0,0,0
657,M00657,H,302.35,310.42,1689.0,48.46,83,0,0,1,0,0,1
658,M00658,L,300.38,308.9,1489.0,58.4,7,0,0,1,0,0,1
659,M00659,M,302.26,309.69,1864.0,43.89,31,0,0,1,0,0,1
660,M00660,L,295.31,312.71,1508.0,34.6,239,1,0,0,0,0,1
661,M00661,L,303.18,312.93,1333.0,47.87,114,0,0,0,0,0,0
662,M00662,H,300.75,308.37,1721.0,33.02,36,0,0,0,0,0,0
663,M00663,L,302.16,309.92,1614.0,29.67,11,0,0,0,0,0,0
664,M00664,L,297.56,310.18,1631.0,22.4,88,0,0,0,0,0,0
665,M00665,L,298.34,308.03,1714.0,24.35,245,1,0,0,0,0,1
666,M00666,M,300.29,309.89,1382.0,31.04,96,0,0,0,0,0,0
667,M00667,H,299.97,310.01,1477.0,28.22,249,1,0,0,0,0,1
668,M00668,H,300.57,312.28,1469.0,43.13,122,0,0,0,0,0,0
669,M00669,L,302.17,312.41,1268.0,28.01,190,0,0,0,0,0,0
670,M00670,L,296.47,309.34,1453.0,8.56,196,0,0,0,0,0,0
671,M00671,L,301.95,309.57,1741.0,29.56,7,0,0,0,0,0,0
672,M00672,M,300.02,311.33,1543.0,35.28,1,0,0,0,0,0,0
673,M00673,H,299.59,308.83,1258.0,33.95,230,1,0,0,0,0,1
674,M00674,M,297.06,311.18,1220.0,55.2,233,1,0,0,0,0,1
675,M00675,M,301.01,309.82,1800.0,33.86,33,0,0,0,0,0,0
676,M00676,L,295.17,308.06,1484.0,48.81,161,0,0,0,0,0,0
677,M00677,H,301.3,308.09,1383.0,39.81,230,1,0,0,0,0,1
678,M00678,L,297.02,312.89,1451.0,39.58,237,1,0,0,0,0,1
679,M00679,L,300.11,309.69,1234.0,31.65,74,0,0,0,0,0,0
680,M00680,L,299.76,313.28,1756.0,39.41,204,0,0,0,0,0,0
681,M00681,L,302.34,308.97,1429.0,32.35,161,0,0,0,0,0,0
682,M00682,L,299.64,310.58,1746.0,41.7,231,1,0,0,0,0,1
683,M00683,L,298.61,314.79,1509.0,37.64,36,0,0,0,0,0,0
684,M00684,L,298.99,307.89,1757.0,30.55,150,0,0,0,0,0,0
685,M00685,M,302.55,306.2,1546.0,49.92,6,0,0,0,0,0,0
686,M00686,L,301.07,312.57,1654.0,44.27,89,0,0,0,0,0,0
687,M00687,L,299.23,308.35,1629.0,35.52,2,0,0,0,0,0,0
688,M00688,H,299.53,309.96,1612.0,41.45,110,0,0,0,0,0,0
689,M00689,M,296.87,308.83,1563.0,39.16,202,0,0,0,0,0,0
690,M00690,M,300.78,310.54,1458.0,31.32,164,0,0,0,0,0,0
691,M00691,L,296.48,308.1,1845.0,40.7,79,0,0,0,0,0,0
692,M00692,H,301.5,309.64,1337.0,33.79,106,0,0,0,0,0,0
693,M00693,L,300.26,310.9,1501.0,30.55,91,0,0,0,0,0,0
694,M00694,L,304.77,307.98,1503.0,23.77,182,0,0,0,0,0,0
695,M00695,H,297.8,308.6,1572.0,36.41,66,0,0,0,0,0,0
696,M00696,M,299.79,309.31,1423.0,45.67,22,0,0,0,0,0,0
697,M00697,M,303.6,307.14,1557.0,33.05,126,0,0,0,0,0,0
698,M00698,M,302.38,309.15,1470.0,65.21,207,0,0,1,1,0,1
699,M00699,M,298.61,310.24,1215.0,48.86,119,0,0,0,0,0,0
700,M00700,L,300.45,309.2,1502.0,53.04,51,0,0,0,0,0,0
701,M00701,L,300.0,309.46,1302.0,47.95,11,0,0,0,0,0,0
702,M00702,L,300.56,309.96,1188.0,58.53,235,1,0,0,0,0,1
703,M00703,L,298.6,308.69,1525.0,32.13,190,0,0,0,0,0,0
704,M00704,H,299.82,311.38,1588.0,14.39,38,0,0,0,0,0,0
705,M00705,L,296.8,312.87,1595.0,35.54,18,0,0,0,0,0,0
706,M00706,M,300.27,309.07,1602.0,45.58,32,0,0,0,0,0,0
707,M00707,M,300.9,310.97,1152.0,41.52,94,0,0,0,0,0,0
708,M00708,M,299.55,309.52,1255.0,42.75,202,0,0,0,0,0,0
709,M00709,L,296.77,310.73,1855.0,53.21,39,0,0,1,0,0,1
710,M00710,L,301.98,313.13,1312.0,43.82,204,0,0,0,0,0,0
711,M00711,H,300.73,311.02,1610.0,47.99,0,0,0,0,0,0,0
712,M00712,M,298.55,306.45,1376.0,30.6,184,0,0,0,0,0,0
713,M00713,H,299.44,310.91,1514.0,29.05,70,0,0,0,0,0,0
714,M00714,H,297.0,312.47,1386.0,56.14,240,1,0,0,0,0,1
715,M00715,M,297.95,309.56,1601.0,41.01,118,0,0,0,0,0,0
716,M00716,L,298.92,311.99,1525.0,33.77,67,0,0,0,0,0,0
717,M00717,M,302.46,308.62,1419.0,33.79,60,0,0,0,0,0,0
718,M00718,L,298.72,307.03,1311.0,33.51,206,0,0,0,0,0,0
719,M00719,M,301.28,310.28,1548.0,32.91,100,0,0,0,0,0,0
720,M00720,H,298.92,306.49,1282.0,27.17,88,0,0,0,0,0,0
721,M00721,M,300.5,309.52,1577.0,25.0,183,0,0,0,0,0,0
722,M00722,L,299.72,312.57,1973.0,38.05,134,0,0,0,0,0,0
723,M00723,L,301.75,306.18,1743.0,34.07,165,0,0,0,0,0,0
724,M00724,H,298.93,307.44,1629.0,51.07,111,0,0,1,0,0,1
725,M00725,L,296.85,307.94,1485.0,42.93,16,0,0,0,0,0,0
726,M00726,L,297.24,309.87,1151.0,42.65,1,0,0,0,0,0,0
727,M00727,L,298.94,309.27,1262.0,32.57,9,0,0,0,0,0,0
728,M00728,L,297.5,312.8,1731.0,38.79,143,0,0,0,0,0,0
729,M00729,L,300.82,311.91,1358.0,43.61,128,0,0,0,0,0,0
730,M00730,M,299.07,310.99,1374.0,47.16,186,0,0,0,0,0,0
731,M00731,L,304.75,310.29,1470.0,39.06,223,1,0,0,0,0,1
732,M00732,L,296.52,310.79,1309.0,50.79,43,0,0,0,0,0,0
733,M00733,L,300.41,308.28,1279.0,40.08,239,1,0,0,0,0,1
734,M00734,L,297.74,311.71,1491.0,47.93,232,1,0,0,0,0,1
735,M00735,L,299.01,307.78,1340.0,35.1,153,0,0,0,0,0,0
736,M00736,M,300.28,311.67,1367.0,21.87,132,0,0,0,0,0,0
737,M00737,L,295.35,312.37,1359.0,42.68,44,0,0,0,0,0,0
738,M00738,L,300.47,310.42,1594.0,47.25,44,0,0,0,0,0,0
739,M00739,L,303.81,309.65,1458.0,45.75,4,0,0,0,0,0,0
740,M00740,L,299.09,310.8,1468.0,44.22,161,0,0,0,0,0,0
741,M00741,L,300.52,304.28,1607.0,36.51,108,0,0,0,0,0,0
742,M00742,L,302.05,310.6,1474.0,31.93,47,0,0,0,0,0,0
743,M00743,H,299.67,309.77,1450.0,45.52,33,0,0,0,0,0,0
744,M00744,L,298.84,309.9,1585.0,44.26,15,0,0,0,0,0,0
745,M00745,M,295.45,311.41,1620.0,34.39,160,0,0,0,0,0,0
746,M00746,L,301.28,309.85,1474.0,51.09,171,0,0,0,0,0,0
747,M00747,L,299.77,307.72,1515.0,31.17,157,0,0,0,0,0,0
748,M00748,L,297.97,309.72,1359.0,34.16,27,0,0,0,0,0,0
749,M00749,M,300.25,310.14,1345.0,56.36,10,0,0,0,0,0,0
750,M00750,H,298.83,310.23,1638.0,48.69,26,0,0,0,0,0,0
751,M00751,L,298.94,310.32,1580.0,36.42,187,0,0,0,0,0,0
752,M00752,L,301.21,312.08,1582.0,42.87,184,0,0,0,0,0,0
753,M00753,L,297.32,307.83,1551.0,41.55,73,0,0,0,0,0,0
754,M00754,L,302.09,310.35,1508.0,12.54,13,0,0,0,0,0,0
755,M00755,M,297.2,312.58,1625.0,30.94,79,0,0,0,0,0,0
756,M00756,L,298.67,306.53,1668.0,39.49,202,0,0,0,0,0,0
757,M00757,L,303.85,310.36,1664.0,36.43,35,0,0,0,0,0,0
758,M00758,H,302.25,308.83,1482.0,42.47,199,0,0,0,0,0,0
759,M00759,L,300.2,309.26,1750.0,51.29,115,0,0,1,0,0,1
760,M00760,L,298.12,308.19,1541.0,36.78,35,0,0,0,0,0,0
761,M00761,M,298.94,309.66,1614.0,29.42,233,1,0,0,0,0,1
762,M00762,L,300.15,313.68,1551.0,43.25,129,0,0,0,0,0,0
763,M00763,L,300.08,307.47,1544.0,36.73,167,0,0,0,0,0,0
764,M00764,L,299.82,307.66,1368.0,38.44,24,0,0,0,0,0,0
765,M00765,H,299.94,307.4,1626.0,37.08,92,0,0,0,0,0,0
766,M00766,L,299.57,313.45,2012.0,62.42,158,0,0,1,0,0,1
767,M00767,L,297.12,309.08,1433.0,17.59,161,0,0,0,0,0,0
768,M00768,L,298.97,309.95,1513.0,36.12,15,0,0,0,0,0,0
769,M00769,L,301.83,309.19,1420.0,39.96,151,0,0,0,0,0,0
770,M00770,M,297.26,308.11,1412.0,32.19,236,1,0,0,0,0,1
771,M00771,L,299.62,309.53,1778.0,49.0,196,0,0,1,0,0,1
772,M00772,M,298.36,314.92,1379.0,48.13,51,0,0,0,0,0,0
773,M00773,M,300.22,312.78,1415.0,39.52,228,1,0,0,0,0,1
774,M00774,H,299.22,308.29,1214.0,37.29,170,0,0,0,0,0,0
775,M00775,L,302.95,311.3,1364.0,38.88,14,0,0,0,0,0,0
776,M00776,H,301.01,308.34,1192.0,38.95,32,0,0,0,0,0,0
777,M00777,M,297.38,306.45,1614.0,39.22,230,1,0,0,0,0,1
778,M00778,L,301.34,312.04,2004.0,38.12,52,0,0,0,0,0,0
779,M00779,M,298.45,312.32,1434.0,42.52,24,0,0,0,0,0,0
780,M00780,H,298.85,312.09,1200.0,47.53,112,0,0,0,0,0,0
781,M00781,L,300.63,309.06,1662.0,27.7,131,0,0,0,0,0,0
782,M00782,H,299.02,309.67,1369.0,29.49,143,0,0,0,0,0,0
783,M00783,L,301.79,311.5,1734.0,22.51,164,0,0,0,0,0,0
784,M00784,M,298.45,310.78,1449.0,48.66,249,1,0,0,0,0,1
785,M00785,H,298.76,309.21,1386.0,42.5,189,0,0,0,0,0,0
786,M00786,L,298.69,306.76,1468.0,45.05,6,0,0,0,0,0,0
787,M00787,H,298.87,310.23,1636.0,25.71,22,0,0,0,0,0,0
788,M00788,L,302.2,312.16,1459.0,57.85,0,0,0,1,0,0,1
789,M00789,M,301.26,307.6,1411.0,33.91,98,0,0,0,0,0,0
790,M00790,M,303.42,311.28,1464.0,41.68,87,0,0,0,0,0,0
791,M00791,L,304.54,310.66,1271.0,48.54,233,1,0,0,0,0,1
792,M00792,L,297.94,311.5,1571.0,30.13,91,0,0,0,0,0,0
793,M00793,L,300.14,311.74,1178.0,34.54,7,0,0,0,0,0,0
794,M00794,L,297.65,308.61,1420.0,41.79,220,0,0,0,0,0,0
795,M00795,L,298.44,306.77,1637.0,68.57,65,0,0,1,0,0,1
796,M00796,L,298.74,308.93,1555.0,43.01,228,1,0,0,0,0,1
797,M00797,L,297.89,311.78,1606.0,56.06,193,0,0,1,0,0,1
798,M00798,L,297.9,308.92,1488.0,52.06,220,0,0,0,0,0,0
799,M00799,M,299.71,308.61,1711.0,43.68,204,0,0,0,0,0,0
800,M00800,M,297.57,306.36,1666.0,30.11,35,0,0,0,0,0,0
801,M00801,M,301.68,313.51,1580.0,50.6,156,0,0,0,0,0,0
802,M00802,L,298.16,311.65,1667.0,25.02,103,0,0,0,0,0,0
803,M00803,H,305.62,311.54,1635.0,56.01,157,0,0,1,0,0,1
804,M00804,M,299.1,311.94,1421.0,42.0,186,0,0,0,0,0,0
805,M00805,L,300.14,311.15,1258.0,13.5,125,0,0,0,0,0,0
806,M00806,L,297.41,309.51,1576.0,36.59,78,0,0,0,0,0,0
807,M00807,M,303.41,309.67,1598.0,46.54,229,1,0,0,0,0,1
808,M00808,L,302.24,309.14,1696.0,37.63,165,0,0,0,0,0,0
809,M00809,M,300.59,315.27,1331.0,47.15,221,1,0,0,0,0,1
810,M00810,H,297.31,311.11,1337.0,31.5,59,0,0,0,0,0,0
811,M00811,L,300.42,309.07,1583.0,26.94,209,0,0,0,0,0,0
812,M00812,L,297.76,310.93,1487.0,39.29,80,0,0,0,0,0,0
813,M00813,H,302.92,307.98,1161.0,40.32,115,0,0,0,0,0,0
814,M00814,M,301.62,313.01,1568.0,36.52,215,0,0,0,0,0,0
815,M00815,L,300.19,308.68,1167.0,52.27,88,0,0,0,0,1,1
816,M00816,H,295.13,311.0,1330.0,31.5,62,0,0,0,0,0,0
817,M00817,H,298.03,312.13,1743.0,43.13,228,1,0,0,0,0,1
818,M00818,M,301.38,310.77,1828.0,40.68,241,1,0,0,0,0,1
819,M00819,M,302.43,310.19,1281.0,24.43,77,0,0,0,0,0,0
820,M00820,L,302.22,310.02,1441.0,26.81,76,0,0,0,0,0,0
821,M00821,L,296.82,309.89,1508.0,40.12,56,0,0,0,0,0,0
822,M00822,M,300.6,308.85,1821.0,59.81,5,0,0,1,0,0,1
823,M00823,L,302.03,309.1,1411.0,45.79,138,0,0,0,0,0,0
824,M00824,M,296.68,312.96,1414.0,22.74,63,0,0,0,0,0,0
825,M00825,H,299.98,309.78,1779.0,8.9,212,0,0,0,0,0,0
826,M00826,L,300.55,308.43,1433.0,47.33,42,0,0,0,0,0,0
827,M00827,M,299.4,308.97,1630.0,39.04,158,0,0,0,0,0,0
828,M00828,L,296.3,312.2,1234.0,51.41,126,0,0,0,0,0,0
829,M00829,H,299.35,311.35,1469.0,31.19,152,0,0,0,0,0,0
830,M00830,L,299.35,311.12,1201.0,43.5,28,0,0,0,0,0,0
831,M00831,M,299.7,309.48,1310.0,48.46,116,0,0,0,0,0,0
832,M00832,M,298.87,311.15,1651.0,35.53,156,0,0,0,0,0,0
833,M00833,L,299.11,308.71,1491.0,35.74,85,0,0,0,0,0,0
834,M00834,M,299.92,309.48,1443.0,40.25,218,0,0,0,0,0,0
835,M00835,M,300.88,311.94,1365.0,45.43,132,0,0,0,0,0,0
836,M00836,M,299.39,311.75,1460.0,39.86,90,0,0,0,0,0,0
837,M00837,M,299.18,308.04,1554.0,49.74,7,0,0,0,0,0,0
838,M00838,H,300.18,308.29,1677.0,35.38,42,0,0,0,0,0,0
839,M00839,L,296.16,310.22,1027.0,26.72,119,0,0,0,0,0,0
840,M00840,M,300.95,313.45,1350.0,59.77,100,0,0,1,0,0,1
841,M00841,L,300.0,306.17,1529.0,33.95,217,0,0,0,0,0,0
842,M00842,M,300.08,310.56,1482.0,34.32,196,0,0,0,0,0,0
843,M00843,M,301.92,307.25,1573.0,39.34,39,0,0,0,0,0,0
844,M00844,L,296.09,308.73,1548.0,40.67,147,0,0,0,0,0,0
845,M00845,L,296.05,309.27,1445.0,36.13,113,0,0,0,0,0,0
846,M00846,H,300.55,309.16,1405.0,39.83,25,0,0,0,0,0,0
847,M00847,L,299.99,308.93,1456.0,39.6,166,0,0,0,0,0,0
848,M00848,M,300.34,310.01,1707.0,41.75,134,0,0,0,0,0,0
849,M00849,L,299.08,308.93,1368.0,16.43,21,0,0,0,0,0,0
850,M00850,H,301.33,307.08,1489.0,58.81,117,0,0,1,0,0,1
851,M00851,L,301.87,311.56,1533.0,38.53,182,0,0,0,0,0,0
852,M00852,L,300.97,311.51,1781.0,45.81,81,0,0,1,0,0,1
853,M00853,H,299.48,311.69,1446.0,26.22,89,0,0,0,0,0,0
854,M00854,H,295.78,306.92,1673.0,35.29,27,0,0,0,0,0,0
855,M00855,L,301.54,310.6,1722.0,33.28,51,0,0,0,0,0,0
856,M00856,L,302.44,311.35,1489.0,54.7,245,1,0,1,0,0,1
857,M00857,M,301.29,307.94,1462.0,34.14,155,0,0,0,0,0,0
858,M00858,H,298.24,310.02,1441.0,47.58,44,0,0,0,0,0,0
859,M00859,L,301.35,309.77,1454.0,33.5,120,0,0,0,0,0,0
860,M00860,M,301.72,313.68,1654.0,35.47,48,0,0,0,0,0,0
861,M00861,M,303.12,313.85,1542.0,37.54,110,0,1,0,0,0,1
862,M00862,M,298.25,306.67,1542.0,52.84,36,0,0,1,0,0,1
863,M00863,M,299.55,314.99,1297.0,21.1,154,0,0,0,0,0,0
864,M00864,M,301.49,308.17,1326.0,26.84,142,0,0,0,0,0,0
865,M00865,L,300.11,311.96,1886.0,20.53,158,0,0,0,0,0,0
866,M00866,H,297.77,311.94,1468.0,29.12,110,0,0,0,0,0,0
867,M00867,H,300.83,308.01,1361.0,31.88,71,0,0,0,0,0,0
868,M00868,M,301.16,310.99,1758.0,23.86,62,0,0,0,0,0,0
869,M00869,L,300.18,309.78,1551.0,32.66,53,0,0,0,0,0,0
870,M00870,L,300.44,311.11,1604.0,19.85,107,0,0,0,0,0,0
871,M00871,M,299.48,310.46,1475.0,29.82,112,0,0,0,0,0,0
872,M00872,L,302.96,312.39,1443.0,52.0,168,0,0,0,0,0,0
873,M00873,H,298.2,310.15,1469.0,44.04,13,0,0,0,0,0,0
874,M00874,L,298.83,309.66,1251.0,41.87,70,0,0,0,0,0,0
875,M00875,M,300.02,312.19,1484.0,29.97,213,0,0,0,0,0,0
876,M00876,H,301.76,311.16,1553.0,24.64,228,1,0,0,0,0,1
877,M00877,L,297.01,311.46,1833.0,28.61,232,1,0,0,0,0,1
878,M00878,L,297.38,308.67,1515.0,39.57,76,0,0,0,0,0,0
879,M00879,M,295.92,307.91,1080.0,48.68,34,0,0,0,0,0,0
880,M00880,M,300.07,308.86,1483.0,49.02,49,0,0,0,0,0,0
881,M00881,L,297.76,308.76,1993.0,46.31,32,0,0,1,0,0,1
882,M00882,M,299.23,311.57,1656.0,32.62,238,1,0,0,0,0,1
883,M00883,H,301.32,311.95,1354.0,40.25,220,0,0,0,0,0,0
884,M00884,L,298.72,309.69,1606.0,36.79,202,0,0,0,0,0,0
885,M00885,L,300.46,312.86,1366.0,37.99,182,0,0,0,0,0,0
886,M00886,L,299.4,312.74,1256.0,60.37,85,0,0,0,0,0,0
887,M00887,L,301.34,310.49,1437.0,22.38,118,0,0,0,0,0,0
888,M00888,L,300.95,308.36,1516.0,37.65,210,0,0,0,0,0,0
889,M00889,L,298.62,313.15,1163.0,52.12,203,0,0,0,0,0,0
890,M00890,M,299.66,309.88,1293.0,25.34,129,0,0,0,0,0,0
891,M00891,L,302.09,310.25,1502.0,33.56,209,0,0,0,0,0,0
892,M00892,H,300.79,309.32,1427.0,34.71,86,0,0,0,0,0,0
893,M00893,L,297.21,308.22,1571.0,37.77,103,0,0,0,0,0,0
894,M00894,L,301.31,307.06,1281.0,24.04,209,0,0,0,0,0,0
895,M00895,M,297.83,311.27,1629.0,45.95,94,0,0,0,0,0,0
896,M00896,H,302.83,308.43,1287.0,46.66,188,0,0,0,0,0,0
897,M00897,L,302.05,316.12,1796.0,45.08,113,0,0,1,0,0,1
898,M00898,L,300.58,307.83,1191.0,31.3,74,0,0,0,0,0,0
899,M00899,L,300.31,307.49,1303.0,40.87,54,0,0,0,0,0,0
900,M00900,M,299.58,311.02,1575.0,31.01,151,0,0,0,0,0,0
901,M00901,L,301.36,313.06,1800.0,36.67,119,0,0,0,0,0,0
902,M00902,L,299.26,310.13,1557.0,61.53,92,0,0,1,0,0,1
903,M00903,L,300.47,311.14,1601.0,40.96,185,0,0,0,0,0,0
904,M00904,L,301.74,306.31,1503.0,28.12,0,0,0,0,0,0,0
905,M00905,H,298.88,308.64,1315.0,41.8,23,0,0,0,0,0,0
906,M00906,M,298.77,307.85,1412.0,26.48,240,1,0,0,0,0,1
907,M00907,L,297.61,306.21,1282.0,28.01,165,0,0,0,0,0,0
908,M00908,L,297.87,310.23,1270.0,29.59,137,0,0,0,0,0,0
909,M00909,L,296.34,305.51,1572.0,35.56,3,0,0,0,0,0,0
910,M00910,L,301.46,307.36,1298.0,49.37,149,0,0,0,0,0,0
911,M00911,M,303.62,308.93,1558.0,45.78,108,0,0,0,0,0,0
912,M00912,H,302.85,308.34,1266.0,45.23,149,0,0,0,0,0,0
913,M00913,H,296.75,310.79,1553.0,29.01,10,0,0,0,0,0,0
914,M00914,H,301.45,310.61,1412.0,34.59,137,0,0,0,0,0,0
915,M00915,H,302.84,311.79,1753.0,42.72,144,0,0,0,0,0,0
916,M00916,H,299.09,311.5,1558.0,33.72,72,0,0,0,0,0,0
917,M00917,L,300.2,312.28,1722.0,37.22,13,0,0,0,0,0,0
918,M00918,L,295.98,310.0,1364.0,44.41,242,1,0,0,0,0,1
919,M00919,L,300.53,310.61,1510.0,36.51,177,0,0,0,0,0,0
920,M00920,M,297.87,311.02,1323.0,42.26,155,0,0,0,0,0,0
921,M00921,L,300.4,310.28,1426.0,55.93,191,0,0,0,0,0,0
922,M00922,H,296.88,309.21,1453.0,38.28,167,0,0,0,0,0,0
923,M00923,M,301.09,309.34,1369.0,51.79,33,0,0,0,0,0,0
924,M00924,M,302.05,308.36,1281.0,45.59,113,0,0,0,0,0,0
925,M00925,L,298.43,310.84,1246.0,25.33,222,1,0,0,0,0,1
926,M00926,L,297.73,309.81,1079.0,28.98,71,0,0,0,0,0,0
927,M00927,L,295.69,308.67,1310.0,31.66,243,1,0,0,0,0,1
928,M00928,H,299.47,308.68,1613.0,31.45,16,0,0,0,0,0,0
929,M00929,M,298.84,307.58,1212.0,39.1,82,0,0,0,0,0,0
930,M00930,M,296.9,311.96,1254.0,46.15,87,0,0,0,0,0,0
931,M00931,L,300.91,310.16,1822.0,52.55,154,0,0,1,0,0,1
932,M00932,L,299.1,308.27,1385.0,43.08,44,0,0,0,0,0,0
933,M00933,L,297.85,311.62,1558.0,35.54,57,0,0,0,0,0,0
934,M00934,M,298.89,308.88,1616.0,19.18,165,0,0,0,0,0,0
935,M00935,M,302.14,307.19,1619.0,40.71,71,0,0,0,0,0,0
936,M00936,L,301.21,312.04,1226.0,40.26,219,0,0,0,0,0,0
937,M00937,H,299.74,308.93,1458.0,41.83,217,0,0,0,0,0,0
938,M00938,L,301.24,309.18,1209.0,61.06,75,0,0,0,0,0,0
939,M00939,H,297.68,310.08,1940.0,52.41,139,0,0,1,0,0,1
940,M00940,L,300.06,312.29,1213.0,47.85,83,0,0,0,0,0,0
941,M00941,L,300.29,310.04,1311.0,30.38,86,0,0,0,0,0,0
942,M00942,H,299.06,307.6,1313.0,34.87,167,0,0,0,0,0,0
943,M00943,L,300.87,311.09,1231.0,39.05,73,0,0,0,0,0,0
944,M00944,L,298.44,309.03,1743.0,32.25,37,0,0,0,0,0,0
945,M00945,L,301.02,313.78,1936.0,45.0,64,0,0,1,0,0,1
946,M00946,L,301.1,310.0,1414.0,43.57,232,1,0,0,0,0,1
947,M00947,M,294.17,305.53,1262.0,29.12,64,0,0,0,0,0,0
948,M00948,H,302.38,310.71,1097.0,51.97,90,0,0,0,0,0,0
949,M00949,H,293.9,313.89,1456.0,41.02,157,0,0,0,0,0,0
950,M00950,L,298.77,313.15,1443.0,22.71,25,0,0,0,0,0,0
951,M00951,M,302.05,313.66,1383.0,39.49,67,0,0,0,0,0,0
952,M00952,L,299.37,307.96,1540.0,42.81,43,0,0,0,0,0,0
953,M00953,L,297.07,311.82,1571.0,49.73,231,1,0,0,0,0,1
954,M00954,L,297.81,308.56,1558.0,36.63,233,1,0,0,0,0,1
955,M00955,H,302.05,310.45,1443.0,48.28,188,0,0,0,0,0,0
956,M00956,H,296.16,307.45,1302.0,41.87,61,0,0,0,0,0,0
957,M00957,M,302.26,308.71,1620.0,26.85,154,0,0,0,0,0,0
958,M00958,M,299.89,308.65,1502.0,25.85,165,0,0,0,0,0,0
959,M00959,L,297.62,311.8,1660.0,51.23,217,0,0,1,0,0,1
960,M00960,M,298.83,311.6,1642.0,51.96,39,0,0,1,0,0,1
961,M00961,M,297.97,310.55,1244.0,43.23,184,0,0,0,0,0,0
962,M00962,L,301.73,307.3,1242.0,54.96,48,0,0,0,0,0,0
963,M00963,L,301.46,309.38,1364.0,50.57,142,0,0,0,0,0,0
964,M00964,L,296.56,308.51,1310.0,46.84,219,0,0,0,0,0,0
965,M00965,H,299.19,311.74,1636.0,30.89,15,0,0,0,0,0,0
966,M00966,L,298.27,312.36,1563.0,57.31,37,0,0,1,0,0,1
967,M00967,H,302.59,312.11,1698.0,45.36,203,0,0,0,0,0,0
968,M00968,L,297.3,308.49,1571.0,36.14,4,0,0,0,0,0,0
969,M00969,M,303.21,304.52,1538.0,33.32,171,0,0,0,0,0,0
970,M00970,L,299.93,306.47,1716.0,42.57,125,0,0,0,0,0,0
971,M00971,L,297.68,312.84,1585.0,23.29,86,0,0,0,0,0,0
972,M00972,L,298.65,309.2,1512.0,47.0,215,0,0,0,0,0,0
973,M00973,L,298.4,308.5,1766.0,30.46,212,0,0,0,0,0,0
974,M00974,H,297.45,313.29,1521.0,43.71,81,0,0,0,0,0,0
975,M00975,L,300.19,312.53,1445.0,34.78,1,0,0,0,0,0,0
976,M00976,M,297.54,310.05,1349.0,37.36,32,0,0,0,0,0,0
977,M00977,L,295.64,309.41,1627.0,32.43,26,0,0,0,0,0,0
978,M00978,L,299.24,309.74,1723.0,38.39,245,1,0,0,0,0,1
979,M00979,M,296.39,310.45,1491.0,58.89,149,0,0,1,0,0,1
980,M00980,L,298.5,313.2,1735.0,53.85,169,0,0,1,0,0,1
981,M00981,H,298.18,310.84,1145.0,43.54,57,0,0,0,0,0,0
982,M00982,H,298.26,311.45,1490.0,39.75,212,0,0,0,0,0,0
983,M00983,M,304.0,312.34,1493.0,48.44,180,0,0,0,0,0,0
984,M00984,L,300.11,307.66,1369.0,51.3,188,0,0,0,0,0,0
985,M00985,L,300.49,311.51,1929.0,31.7,117,0,0,0,0,0,0
986,M00986,H,296.45,309.41,1488.0,39.23,174,0,0,0,0,0,0
987,M00987,L,298.69,304.97,1427.0,21.78,136,0,0,0,0,0,0
988,M00988,L,300.43,305.74,1505.0,51.23,96,0,0,0,0,0,0
989,M00989,L,297.95,307.96,1139.0,60.65,148,0,0,0,0,0,0
990,M00990,M,301.82,311.06,1363.0,40.8,81,0,0,0,0,0,0
991,M00991,M,297.59,310.23,1677.0,18.75,238,1,0,0,0,0,1
992,M00992,M,299.43,310.37,1387.0,46.09,179,0,0,0,0,0,0
993,M00993,M,298.83,313.9,1351.0,30.96,184,0,0,0,0,0,0
994,M00994,L,300.33,307.46,1736.0,33.37,179,0,0,0,0,0,0
995,M00995,H,298.72,309.95,1741.0,46.27,112,0,0,1,0,0,1
996,M00996,L,299.46,310.61,1593.0,42.55,237,1,0,0,0,0,1
997,M00997,M,299.53,308.53,1418.0,35.12,51,0,0,0,0,0,0
998,M00998,L,298.53,310.06,1457.0,33.5,142,0,0,0,0,0,0
999,M00999,H,300.97,306.8,1355.0,41.26,17,0,0,0,0,1,1
1000,M01000,L,300.48,312.82,1321.0,35.91,73,0,0,0,0,0,0
